<?xml version="1.0" encoding="UTF-8"?>
<!DOCTYPE filesystem PUBLIC "-//NetBeans//DTD Filesystem 1.1//EN" "http://www.netbeans.org/dtds/filesystem-1_1.dtd">
<!-- Module layer cache generated by NetBeans. Do not edit. -->
<filesystem><folder name="Toolbars"><attr name="SystemFileSystem.localizingBundle" stringvalue="org.netbeans.core.Bundle"/></folder><folder name="Startup"><attr name="SystemFileSystem.localizingBundle" stringvalue="org.netbeans.core.Bundle"/></folder><folder name="Templates"><attr name="SystemFileSystem.localizingBundle" stringvalue="org.netbeans.core.Bundle"/><attr name="templateWizardURL" urlvalue="nbresbootloc:/org/netbeans/core/resources/templatesRootDescription.html"/></folder><folder name="Services"><folder name="MIMEResolver"><attr name="SystemFileSystem.localizingBundle" stringvalue="org.netbeans.core.Bundle"/><attr name="SystemFileSystem.icon" urlvalue="nbresloc:/org/netbeans/core/resources/mime.gif"/><attr name="SystemFileSystem.layer" stringvalue="project"/><attr name="helpID" stringvalue="org.netbeans.core.filesystems.MIMEResolverImpl"/></folder><folder name="Hidden"><attr name="hidden" boolvalue="true"/><file name="org-openide-loaders-XMLDataObject-compat.instance"><attr name="instanceClass" stringvalue="org.openide.xml.EntityCatalog"/><attr name="instanceCreate" methodvalue="org.openide.loaders.XMLDataObject.createEntityCatalog"/></file><file name="org-netbeans-core-module-tester.instance"><attr name="instanceClass" stringvalue="org.netbeans.core.modules.TestModuleDeployer"/><attr name="instanceOf" stringvalue="org.netbeans.core.modules.TestModuleDeployer"/><attr name="instanceCreate" methodvalue="org.netbeans.core.modules.ModuleSystem.getTestModuleDeployer"/></file><file name="org-netbeans-core-default-error-manager.instance"><attr name="instanceClass" stringvalue="org.openide.ErrorManager"/><attr name="instanceOf" stringvalue="org.openide.ErrorManager"/><attr name="instanceCreate" methodvalue="org.netbeans.core.NbTopManager.getDefaultErrorManager"/></file></folder></folder><folder name="Mount"><attr name="SystemFileSystem.localizingBundle" stringvalue="org.netbeans.core.Bundle"/><attr name="SystemFileSystem.icon" urlvalue="nbresloc:/org/netbeans/core/resources/repository.gif"/><attr name="SystemFileSystem.layer" stringvalue="project"/><attr name="helpID" stringvalue="org.netbeans.core.ui.MountNode"/><attr name="OpenIDE-Folder-Order" stringvalue="SystemFileSystem"/><file name="SystemFileSystem.instance"><attr name="instanceClass" stringvalue="org.openide.nodes.Node"/><attr name="instanceCreate" methodvalue="org.netbeans.core.ui.MountNode.createSystemNode"/></file></folder><folder name="Windows"><attr name="SystemFileSystem.layer" stringvalue="project"/><file name="WindowManager.wswmgr" url="jar:file:/C:/GPCourse/netbeans_platform/lib/core.jar!/org/netbeans/core/resources/windowmanager/windowmanager.wswmgr"/><folder name="WindowManager"></folder></folder><file name="debug-sfs-structure.instance"><attr name="instanceOf" stringvalue="org.openide.nodes.Node"/><attr name="instanceClass" stringvalue="org.netbeans.core.projects.SystemFileSystem$StructureNode"/></file><folder name="xml"><folder name="entities"><folder name="NetBeans_IDE"><file name="DTD_xmlinfo" url="nbresboot:/org/openide/resources/xmlinfo.dtd"><attr name="hint.originalPublicID" stringvalue="-//NetBeans IDE//DTD xmlinfo//EN"/></file><file name="DTD_toolbar" url="nbresboot:/org/netbeans/core/windows/resources/toolbar.dtd"><attr name="hint.originalPublicID" stringvalue="-//NetBeans IDE//DTD toolbar//EN"/></file></folder><folder name="NetBeans"><file name="Entity_Mapping_Registration_1_0" url="nbresboot:/org/openide/xml/EntityCatalog.dtd"><attr name="hint.originalPublicID" stringvalue="-//NetBeans//Entity Mapping Registration 1.0//EN"/></file><file name="DTD_Filesystem_1_0" url="nbresboot:/org/openide/filesystems/filesystem.dtd"><attr name="hint.originalPublicID" stringvalue="-//NetBeans//DTD Filesystem 1.0//EN"/></file><file name="DTD_Filesystem_1_1" url="nbresboot:/org/openide/filesystems/filesystem1_1.dtd"><attr name="hint.originalPublicID" stringvalue="-//NetBeans//DTD Filesystem 1.1//EN"/></file><file name="DTD_DefaultAttributes_1_0" url="nbresboot:/org/openide/filesystems/attributes.dtd"><attr name="hint.originalPublicID" stringvalue="-//NetBeans//DTD DefaultAttributes 1.0//EN"/></file><file name="DTD_Session_settings_1_0" url="nbresboot:/org/openide/resources/sessionsettings-1_0.dtd"><attr name="hint.originalPublicID" stringvalue="-//NetBeans//DTD Session settings 1.0//EN"/></file><file name="DTD_Module_Status_1_0" url="nbresboot:/org/netbeans/core/modules/module-status-1_0.dtd"><attr name="hint.originalPublicID" stringvalue="-//NetBeans//DTD Module Status 1.0//EN"/></file><file name="DTD_MIME_Resolver_1_0" url="nbresboot:/org/netbeans/core/filesystems/resolver.dtd"><attr name="hint.originalPublicID" stringvalue="-//NetBeans//DTD MIME Resolver 1.0//EN"/></file><file name="DTD_MIME_Resolver_XML_Rules_1_0" url="nbresboot:/org/netbeans/core/filesystems/xml-rules.dtd"><attr name="hint.originalPublicID" stringvalue="-//NetBeans//DTD MIME Resolver XML Rules 1.0//EN"/></file><file name="DTD_Workspace_Properties_1_0" url="nbresboot:/org/netbeans/core/windows/resources/workspace-properties1_0.dtd"><attr name="hint.originalPublicID" stringvalue="-//NetBeans//DTD Workspace Properties 1.0//EN"/></file><file name="DTD_Workspace_Properties_1_1" url="nbresboot:/org/netbeans/core/windows/resources/workspace-properties1_1.dtd"><attr name="hint.originalPublicID" stringvalue="-//NetBeans//DTD Workspace Properties 1.1//EN"/></file><file name="DTD_Mode_Properties_1_0" url="nbresboot:/org/netbeans/core/windows/resources/mode-properties1_0.dtd"><attr name="hint.originalPublicID" stringvalue="-//NetBeans//DTD Mode Properties 1.0//EN"/></file><file name="DTD_Mode_Properties_1_1" url="nbresboot:/org/netbeans/core/windows/resources/mode-properties1_1.dtd"><attr name="hint.originalPublicID" stringvalue="-//NetBeans//DTD Mode Properties 1.1//EN"/></file><file name="DTD_Mode_Properties_1_2" url="nbresboot:/org/netbeans/core/windows/resources/mode-properties1_2.dtd"><attr name="hint.originalPublicID" stringvalue="-//NetBeans//DTD Mode Properties 1.2//EN"/></file><file name="DTD_Top_Component_in_Mode_Properties_1_0" url="nbresboot:/org/netbeans/core/windows/resources/tc-ref1_0.dtd"><attr name="hint.originalPublicID" stringvalue="-//NetBeans//DTD Top Component in Mode Properties 1.0//EN"/></file><file name="DTD_Window_Manager_1_0" url="nbresboot:/org/netbeans/core/windows/resources/windowmanager-properties1_0.dtd"><attr name="hint.originalPublicID" stringvalue="-//NetBeans//DTD Window Manager 1.0//EN"/></file><file name="DTD_Window_Manager_1_1" url="nbresboot:/org/netbeans/core/windows/resources/windowmanager-properties1_1.dtd"><attr name="hint.originalPublicID" stringvalue="-//NetBeans//DTD Window Manager 1.1//EN"/></file></folder></folder><folder name="lookups"><folder name="NetBeans_IDE"><file name="DTD_toolbar.instance"><attr name="instanceClass" stringvalue="org.openide.loaders.XMLDataObject$Processor"/><attr name="instanceCreate" newvalue="org.netbeans.core.windows.toolbars.ToolbarProcessor"/></file></folder><folder name="NetBeans"><file name="Entity_Mapping_Registration_1_0.instance"><attr name="instanceClass" stringvalue="org.openide.loaders.XMLDataObject$Processor"/><attr name="instanceCreate" newvalue="org.netbeans.core.xml.EntityCatalogImpl$RegistrationProcessor"/></file><file name="DTD_MIME_Resolver_1_0.instance"><attr name="instanceClass" stringvalue="org.openide.loaders.Environment$Provider"/><attr name="instanceCreate" newvalue="org.netbeans.core.filesystems.MIMEResolverImpl"/></file><file name="DTD_Session_settings_1_0.instance"><attr name="instanceCreate" methodvalue="org.netbeans.core.projects.SerialDataConvertor$Provider.create"/><attr name="settings.convertor" methodvalue="org.netbeans.core.projects.SerialDataConvertor.createWriter"/></file></folder></folder><folder name="memory"><folder name="java"><folder name="lang"><file name="Object"><attr name="settings.providerPath" stringvalue="xml/lookups/NetBeans/DTD_Session_settings_1_0.instance"/></file></folder></folder></folder></folder><folder name="Actions"><attr name="SystemFileSystem.localizingBundle" stringvalue="org.netbeans.core.Bundle"/><folder name="Window"><attr name="SystemFileSystem.localizingBundle" stringvalue="org.netbeans.core.Bundle"/><file name="org-openide-actions-CloneViewAction.instance"/><file name="org-netbeans-core-actions-DockingAction.instance"/><file name="org-openide-actions-PreviousTabAction.instance"/><file name="org-openide-actions-NextTabAction.instance"/><file name="org-netbeans-core-actions-OpenedWindowsAction.instance"/><file name="org-openide-actions-UndockAction.instance"/></folder></folder><folder name="Menu"><attr name="SystemFileSystem.localizingBundle" stringvalue="org.netbeans.core.Bundle"/><attr name="Edit/View" boolvalue="true"/><attr name="Tools/Window" boolvalue="true"/><folder name="View"><attr name="SystemFileSystem.localizingBundle" stringvalue="org.netbeans.core.Bundle"/><attr name="org-netbeans-core-actions-HTMLViewAction.instance/Separator2.instance" boolvalue="true"/><attr name="Separator2.instance/org-openide-actions-WorkspaceSwitchAction.instance" boolvalue="true"/><file name="Separator2.instance"><attr name="instanceClass" stringvalue="javax.swing.JSeparator"/></file><file name="org-openide-actions-WorkspaceSwitchAction.instance"/></folder><folder name="Window"><attr name="SystemFileSystem.localizingBundle" stringvalue="org.netbeans.core.Bundle"/><attr name="org-netbeans-core-actions-AttachFrameAction.instance/org-netbeans-core-actions-DetachFrameAction.instance" boolvalue="true"/><attr name="org-netbeans-core-actions-DetachFrameAction.instance/org-netbeans-core-actions-FrameResidenceAction.instance" boolvalue="true"/><attr name="org-netbeans-core-actions-FrameResidenceAction.instance/org-netbeans-core-actions-MakeDominantAction.instance" boolvalue="true"/><attr name="org-netbeans-core-actions-MakeDominantAction.instance/Separator1.instance" boolvalue="true"/><attr name="Separator1.instance/org-openide-actions-UndoAction.instance" boolvalue="true"/><attr name="org-openide-actions-UndockAction.instance/org-netbeans-core-actions-DockingAction.instance" boolvalue="true"/><attr name="org-netbeans-core-actions-DockingAction.instance/Separator2.instance" boolvalue="true"/><attr name="Separator2.instance/org-openide-actions-CloneViewAction.instance" boolvalue="true"/><attr name="org-openide-actions-CloneViewAction.instance/Separator3.instance" boolvalue="true"/><attr name="Separator3.instance/org-openide-actions-NextTabAction.instance" boolvalue="true"/><attr name="org-openide-actions-NextTabAction.instance/org-openide-actions-PreviousTabAction.instance" boolvalue="true"/><attr name="org-openide-actions-PreviousTabAction.instance/Separator4.instance" boolvalue="true"/><attr name="Separator4.instance/org-netbeans-core-actions-OpenedWindowsAction.instance" boolvalue="true"/><file name="org-netbeans-core-actions-AttachFrameAction.instance"/><file name="org-netbeans-core-actions-DetachFrameAction.instance"/><file name="org-netbeans-core-actions-FrameResidenceAction.instance"/><file name="org-netbeans-core-actions-MakeDominantAction.instance"/><file name="Separator1.instance"><attr name="instanceClass" stringvalue="javax.swing.JSeparator"/></file><file name="org-openide-actions-UndockAction.instance"/><file name="org-netbeans-core-actions-DockingAction.instance"/><file name="Separator2.instance"><attr name="instanceClass" stringvalue="javax.swing.JSeparator"/></file><file name="org-openide-actions-CloneViewAction.instance"/><file name="Separator3.instance"><attr name="instanceClass" stringvalue="javax.swing.JSeparator"/></file><file name="org-openide-actions-NextTabAction.instance"/><file name="org-openide-actions-PreviousTabAction.instance"/><file name="Separator4.instance"><attr name="instanceClass" stringvalue="javax.swing.JSeparator"/></file><file name="org-netbeans-core-actions-OpenedWindowsAction.instance"/></folder></folder></filesystem>
